<?xml version="1.0" encoding="UTF-8"?>
<project-private xmlns="http://www.netbeans.org/ns/project-private/1">
    <editor-bookmarks xmlns="http://www.netbeans.org/ns/editor-bookmarks/2" lastBookmarkId="0"/>
    <open-files xmlns="http://www.netbeans.org/ns/projectui-open-files/2">
        <group>
            <file>file:/E:/UNFV/ControlAsistencia%20Final/ControlAsistencia/src/modelo/AsistenciaDAO.java</file>
        </group>
        <group name="cibertec">
            <file>file:/E:/EUDED/IV/PROGRAMACION%20ORIENTADA%20A%20OBJETOS/PROYECTO%20FINAL/ControlAsistencia%20Final/ControlAsistencia/src/modelo/Conexion.java</file>
            <file>file:/E:/EUDED/IV/PROGRAMACION%20ORIENTADA%20A%20OBJETOS/PROYECTO%20FINAL/ControlAsistencia%20Final/ControlAsistencia/src/dto/OficinaDTO.java</file>
            <file>file:/E:/EUDED/IV/PROGRAMACION%20ORIENTADA%20A%20OBJETOS/PROYECTO%20FINAL/ControlAsistencia%20Final/ControlAsistencia/src/dto/OcurrenciaDto.java</file>
            <file>file:/E:/EUDED/IV/PROGRAMACION%20ORIENTADA%20A%20OBJETOS/PROYECTO%20FINAL/ControlAsistencia%20Final/ControlAsistencia/src/vista/CeldaRenderer.java</file>
        </group>
        <group name="COVID">
            <file>file:/C:/Users/jfninac.SEVERILEX/Downloads/10081789_PROYECTO%20FINAL/ControlAsistencia%20Final/ControlAsistencia/src/codenine/modelo/ReporteImpl.java</file>
            <file>file:/C:/Users/jfninac.SEVERILEX/Downloads/10081789_PROYECTO%20FINAL/ControlAsistencia%20Final/ControlAsistencia/src/codenine/vista/Reportes.java</file>
            <file>file:/C:/Users/jfninac.SEVERILEX/Downloads/10081789_PROYECTO%20FINAL/ControlAsistencia%20Final/ControlAsistencia/src/codenine/vista/Persona.java</file>
            <file>file:/C:/Users/jfninac.SEVERILEX/Downloads/10081789_PROYECTO%20FINAL/ControlAsistencia%20Final/ControlAsistencia/src/codenine/vista/Principal.java</file>
        </group>
    </open-files>
</project-private>
